geonames_id,geonames_name,exact_name_candidate_count_distinct_area_codes,review_status,candidate_area_code_evidence
1849807,Toyotomi-mura,1,ONE_AREA_CODE_CANDIDATE_REQUIRES_ENTITY_IDENTITY_AND_PERIOD_REVIEW,19328[exact_periods=2;history_periods=2;parent_area_codes=19320]
1850471,Tawaramoto-chō,1,ONE_AREA_CODE_CANDIDATE_REQUIRES_ENTITY_IDENTITY_AND_PERIOD_REVIEW,29363[exact_periods=1;history_periods=1;parent_area_codes=29360]
1850496,Tatsuno-machi,1,ONE_AREA_CODE_CANDIDATE_REQUIRES_ENTITY_IDENTITY_AND_PERIOD_REVIEW,20382[exact_periods=1;history_periods=1;parent_area_codes=20380]
1851030,Takaoka-chō,1,ONE_AREA_CODE_CANDIDATE_REQUIRES_ENTITY_IDENTITY_AND_PERIOD_REVIEW,45381[exact_periods=6;history_periods=6;parent_area_codes=45380]
1851031,Takaoka-chō,1,ONE_AREA_CODE_CANDIDATE_REQUIRES_ENTITY_IDENTITY_AND_PERIOD_REVIEW,45381[exact_periods=6;history_periods=6;parent_area_codes=45380]
1851931,Shirahama-machi,1,ONE_AREA_CODE_CANDIDATE_REQUIRES_ENTITY_IDENTITY_AND_PERIOD_REVIEW,12465[exact_periods=2;history_periods=2;parent_area_codes=12460]
1852068,Shinkawa-chō,1,ONE_AREA_CODE_CANDIDATE_REQUIRES_ENTITY_IDENTITY_AND_PERIOD_REVIEW,23347[exact_periods=3;history_periods=3;parent_area_codes=23340]
1853546,Ōuchi-machi,1,ONE_AREA_CODE_CANDIDATE_REQUIRES_ENTITY_IDENTITY_AND_PERIOD_REVIEW,05410[exact_periods=6;history_periods=6;parent_area_codes=05400]
1853650,Ōta-mura,1,ONE_AREA_CODE_CANDIDATE_REQUIRES_ENTITY_IDENTITY_AND_PERIOD_REVIEW,44301[exact_periods=2;history_periods=2;parent_area_codes=44300]
1853653,Ōta-machi,1,ONE_AREA_CODE_CANDIDATE_REQUIRES_ENTITY_IDENTITY_AND_PERIOD_REVIEW,05431[exact_periods=12;history_periods=12;parent_area_codes=05420]
1853828,Ōsawano-machi,1,ONE_AREA_CODE_CANDIDATE_REQUIRES_ENTITY_IDENTITY_AND_PERIOD_REVIEW,16301[exact_periods=5;history_periods=5;parent_area_codes=16300]
1853832,Ōsato-mura,1,ONE_AREA_CODE_CANDIDATE_REQUIRES_ENTITY_IDENTITY_AND_PERIOD_REVIEW,11401[exact_periods=5;history_periods=7;parent_area_codes=11400]
1854370,Okegawa-machi,1,ONE_AREA_CODE_CANDIDATE_REQUIRES_ENTITY_IDENTITY_AND_PERIOD_REVIEW,11302[exact_periods=2;history_periods=2;parent_area_codes=11300]
1854628,Ogōri-machi,1,ONE_AREA_CODE_CANDIDATE_REQUIRES_ENTITY_IDENTITY_AND_PERIOD_REVIEW,40502[exact_periods=3;history_periods=3;parent_area_codes=40500]
1854978,Nonoichi-machi,1,ONE_AREA_CODE_CANDIDATE_REQUIRES_ENTITY_IDENTITY_AND_PERIOD_REVIEW,17344[exact_periods=9;history_periods=9;parent_area_codes=17340]
1856709,Miyazaki-mura,1,ONE_AREA_CODE_CANDIDATE_REQUIRES_ENTITY_IDENTITY_AND_PERIOD_REVIEW,18422[exact_periods=2;history_periods=2;parent_area_codes=18420]
1857469,Matsutō-machi,1,ONE_AREA_CODE_CANDIDATE_REQUIRES_ENTITY_IDENTITY_AND_PERIOD_REVIEW,17341[exact_periods=3;history_periods=3;parent_area_codes=17340]
1858533,Kubokawa-chō,1,ONE_AREA_CODE_CANDIDATE_REQUIRES_ENTITY_IDENTITY_AND_PERIOD_REVIEW,39404[exact_periods=2;history_periods=2;parent_area_codes=39400]
1859673,Kawanishi-machi,2,MULTIPLE_AREA_CODE_CANDIDATES_REQUIRE_DISAMBIGUATION,06382[exact_periods=18;history_periods=18;parent_area_codes=06380]; 15481[exact_periods=5;history_periods=5;parent_area_codes=15480]
1860320,Kamojima-chō,1,ONE_AREA_CODE_CANDIDATE_REQUIRES_ENTITY_IDENTITY_AND_PERIOD_REVIEW,36441[exact_periods=2;history_periods=2;parent_area_codes=36440]
1863145,Hara-mura,1,ONE_AREA_CODE_CANDIDATE_REQUIRES_ENTITY_IDENTITY_AND_PERIOD_REVIEW,20363[exact_periods=12;history_periods=12;parent_area_codes=20360]
1864128,Fuji-gun,1,ONE_AREA_CODE_CANDIDATE_REQUIRES_ENTITY_IDENTITY_AND_PERIOD_REVIEW,22360[exact_periods=2;history_periods=2;parent_area_codes=22000]
1864225,Ei-chō,1,ONE_AREA_CODE_CANDIDATE_REQUIRES_ENTITY_IDENTITY_AND_PERIOD_REVIEW,46323[exact_periods=2;history_periods=2;parent_area_codes=46320]
1864261,Echigawa-chō,1,ONE_AREA_CODE_CANDIDATE_REQUIRES_ENTITY_IDENTITY_AND_PERIOD_REVIEW,25424[exact_periods=8;history_periods=8;parent_area_codes=25420]
1865064,Asahi-mura,5,MULTIPLE_AREA_CODE_CANDIDATES_REQUIRE_DISAMBIGUATION,06427[exact_periods=4;history_periods=4;parent_area_codes=06420]; 08401[exact_periods=5;history_periods=5;parent_area_codes=08400]; 15584[exact_periods=3;history_periods=3;parent_area_codes=15580]; 20451[exact_periods=6;history_periods=6;parent_area_codes=20440]; 21607[exact_periods=2;history_periods=2;parent_area_codes=21600]
1865066,Asahi-mura,5,MULTIPLE_AREA_CODE_CANDIDATES_REQUIRE_DISAMBIGUATION,06427[exact_periods=4;history_periods=4;parent_area_codes=06420]; 08401[exact_periods=5;history_periods=5;parent_area_codes=08400]; 15584[exact_periods=3;history_periods=3;parent_area_codes=15580]; 20451[exact_periods=6;history_periods=6;parent_area_codes=20440]; 21607[exact_periods=2;history_periods=2;parent_area_codes=21600]
1865067,Asahi-mura,5,MULTIPLE_AREA_CODE_CANDIDATES_REQUIRE_DISAMBIGUATION,06427[exact_periods=4;history_periods=4;parent_area_codes=06420]; 08401[exact_periods=5;history_periods=5;parent_area_codes=08400]; 15584[exact_periods=3;history_periods=3;parent_area_codes=15580]; 20451[exact_periods=6;history_periods=6;parent_area_codes=20440]; 21607[exact_periods=2;history_periods=2;parent_area_codes=21600]
1865446,Aki-chō,1,ONE_AREA_CODE_CANDIDATE_REQUIRES_ENTITY_IDENTITY_AND_PERIOD_REVIEW,34301[exact_periods=2;history_periods=2;parent_area_codes=34300]
1865498,Akasaki-chō,1,ONE_AREA_CODE_CANDIDATE_REQUIRES_ENTITY_IDENTITY_AND_PERIOD_REVIEW,31369[exact_periods=2;history_periods=2;parent_area_codes=31360]
2111482,Ōhira-mura,1,ONE_AREA_CODE_CANDIDATE_REQUIRES_ENTITY_IDENTITY_AND_PERIOD_REVIEW,04424[exact_periods=8;history_periods=8;parent_area_codes=04420]
2112526,Iwanuma-machi,1,ONE_AREA_CODE_CANDIDATE_REQUIRES_ENTITY_IDENTITY_AND_PERIOD_REVIEW,04381[exact_periods=2;history_periods=2;parent_area_codes=04380]
2113163,Abiko-machi,1,ONE_AREA_CODE_CANDIDATE_REQUIRES_ENTITY_IDENTITY_AND_PERIOD_REVIEW,12304[exact_periods=2;history_periods=2;parent_area_codes=12300]
2127659,Toyohira-chō,1,ONE_AREA_CODE_CANDIDATE_REQUIRES_ENTITY_IDENTITY_AND_PERIOD_REVIEW,34367[exact_periods=3;history_periods=3;parent_area_codes=34360]
