geonames_id,geonames_name,geonames_latitude,geonames_longitude,candidate_code,source_snapshots_with_candidate_code,point_inside_candidate_polygon_snapshots,disposition,operational_parent_link_created
1851030,Takaoka-chō,35.18333,138.65,45381,1965-10-01;1970-10-01;1975-10-01;1995-10-01,,NO_POINT_INSIDE_CANDIDATE_POLYGON_OBSERVED_IN_SELECTED_SNAPSHOTS,false
1851031,Takaoka-chō,35.03333,137.08333,45381,1965-10-01;1970-10-01;1975-10-01;1995-10-01,,NO_POINT_INSIDE_CANDIDATE_POLYGON_OBSERVED_IN_SELECTED_SNAPSHOTS,false
1859673,Kawanishi-machi,36.1412,136.14017,06382,1965-10-01;1970-10-01;1975-10-01;1995-10-01,,NO_POINT_INSIDE_CANDIDATE_POLYGON_OBSERVED_IN_SELECTED_SNAPSHOTS,false
1859673,Kawanishi-machi,36.1412,136.14017,15481,1965-10-01;1970-10-01;1975-10-01;1995-10-01,,NO_POINT_INSIDE_CANDIDATE_POLYGON_OBSERVED_IN_SELECTED_SNAPSHOTS,false
1865064,Asahi-mura,37.21667,138.38333,06427,1965-10-01;1970-10-01;1975-10-01;1995-10-01,,NO_POINT_INSIDE_CANDIDATE_POLYGON_OBSERVED_IN_SELECTED_SNAPSHOTS,false
1865064,Asahi-mura,37.21667,138.38333,08401,1965-10-01;1970-10-01;1975-10-01;1995-10-01,,NO_POINT_INSIDE_CANDIDATE_POLYGON_OBSERVED_IN_SELECTED_SNAPSHOTS,false
1865064,Asahi-mura,37.21667,138.38333,15584,1965-10-01;1970-10-01;1975-10-01;1995-10-01,,NO_POINT_INSIDE_CANDIDATE_POLYGON_OBSERVED_IN_SELECTED_SNAPSHOTS,false
1865064,Asahi-mura,37.21667,138.38333,20451,1965-10-01;1970-10-01;1975-10-01;1995-10-01,,NO_POINT_INSIDE_CANDIDATE_POLYGON_OBSERVED_IN_SELECTED_SNAPSHOTS,false
1865064,Asahi-mura,37.21667,138.38333,21607,1965-10-01;1970-10-01;1975-10-01;1995-10-01,,NO_POINT_INSIDE_CANDIDATE_POLYGON_OBSERVED_IN_SELECTED_SNAPSHOTS,false
1865066,Asahi-mura,35.96667,139.88333,06427,1965-10-01;1970-10-01;1975-10-01;1995-10-01,,NO_POINT_INSIDE_CANDIDATE_POLYGON_OBSERVED_IN_SELECTED_SNAPSHOTS,false
1865066,Asahi-mura,35.96667,139.88333,08401,1965-10-01;1970-10-01;1975-10-01;1995-10-01,,NO_POINT_INSIDE_CANDIDATE_POLYGON_OBSERVED_IN_SELECTED_SNAPSHOTS,false
1865066,Asahi-mura,35.96667,139.88333,15584,1965-10-01;1970-10-01;1975-10-01;1995-10-01,,NO_POINT_INSIDE_CANDIDATE_POLYGON_OBSERVED_IN_SELECTED_SNAPSHOTS,false
1865066,Asahi-mura,35.96667,139.88333,20451,1965-10-01;1970-10-01;1975-10-01;1995-10-01,,NO_POINT_INSIDE_CANDIDATE_POLYGON_OBSERVED_IN_SELECTED_SNAPSHOTS,false
1865066,Asahi-mura,35.96667,139.88333,21607,1965-10-01;1970-10-01;1975-10-01;1995-10-01,,NO_POINT_INSIDE_CANDIDATE_POLYGON_OBSERVED_IN_SELECTED_SNAPSHOTS,false
1865067,Asahi-mura,35.96667,138.0,06427,1965-10-01;1970-10-01;1975-10-01;1995-10-01,,NO_POINT_INSIDE_CANDIDATE_POLYGON_OBSERVED_IN_SELECTED_SNAPSHOTS,false
1865067,Asahi-mura,35.96667,138.0,08401,1965-10-01;1970-10-01;1975-10-01;1995-10-01,,NO_POINT_INSIDE_CANDIDATE_POLYGON_OBSERVED_IN_SELECTED_SNAPSHOTS,false
1865067,Asahi-mura,35.96667,138.0,15584,1965-10-01;1970-10-01;1975-10-01;1995-10-01,,NO_POINT_INSIDE_CANDIDATE_POLYGON_OBSERVED_IN_SELECTED_SNAPSHOTS,false
1865067,Asahi-mura,35.96667,138.0,20451,1965-10-01;1970-10-01;1975-10-01;1995-10-01,,NO_POINT_INSIDE_CANDIDATE_POLYGON_OBSERVED_IN_SELECTED_SNAPSHOTS,false
1865067,Asahi-mura,35.96667,138.0,21607,1965-10-01;1970-10-01;1975-10-01;1995-10-01,,NO_POINT_INSIDE_CANDIDATE_POLYGON_OBSERVED_IN_SELECTED_SNAPSHOTS,false
