geonames_id,geonames_name,geonames_latitude,geonames_longitude,estat_area_code,mlit_official_area_description,estat_parent_area_code,estat_parent_label_en,review_disposition,evidence_reason,operational_parent_link_created
1851030,Takaoka-chō,35.18333,138.65,45381,"Miyazaki Prefecture; Higashimorokata-gun; Takaoka-machi",45380,Higashimorokata-gun,REJECT_AREA_CODE_CANDIDATE_GEOGRAPHIC_SCOPE_CONFLICT,"Official MLIT mapping identifies code 45381 as the Miyazaki Takaoka town; its location does not match the GeoNames point at 35.18333 138.65. Exact normalized name is a false-positive identity match.",false
1851031,Takaoka-chō,35.03333,137.08333,45381,"Miyazaki Prefecture; Higashimorokata-gun; Takaoka-machi",45380,Higashimorokata-gun,REJECT_AREA_CODE_CANDIDATE_GEOGRAPHIC_SCOPE_CONFLICT,"Official MLIT mapping identifies code 45381 as the Miyazaki Takaoka town; its location does not match the GeoNames point at 35.03333 137.08333. Exact normalized name is a false-positive identity match.",false
1859673,Kawanishi-machi,36.1412,136.14017,06382,"Yamagata Prefecture; Higashiokitama-gun; Kawanishi-machi",06380,Higashiokitama-gun,HOLD_GEOGRAPHIC_SCOPE_CONFLICT_NEEDS_POLYGON_CONFIRMATION,"Candidate code 06382 is the historical Yamagata Kawanishi-machi; its prefecture and district do not fit the target coordinate context. Do not approve without official boundary/identity corroboration.",false
1859673,Kawanishi-machi,36.1412,136.14017,15481,"Niigata Prefecture; Nakauonuma-gun; Kawanishi-machi",15480,Nakauonuma-gun,HOLD_GEOGRAPHIC_SCOPE_CONFLICT_NEEDS_POLYGON_CONFIRMATION,"Candidate code 15481 is the historical Niigata Kawanishi-machi; its prefecture and district do not fit the target coordinate context. Do not approve without official boundary/identity corroboration.",false
1865064,Asahi-mura,37.21667,138.38333,06427,"Yamagata Prefecture; Higashitagawa-gun; Asahi-mura",06420,Higashitagawa-gun,HOLD_AMBIGUOUS_NAMESAKE_CANDIDATE,"The same five exact-name candidate codes are returned for all three GeoNames IDs despite distinct coordinates. Must disambiguate by source-verified entity identity; code/name alone is insufficient.",false
1865064,Asahi-mura,37.21667,138.38333,08401,"Ibaraki Prefecture; Kashima-gun; Asahi-mura",08400,Kashima-gun,HOLD_AMBIGUOUS_NAMESAKE_CANDIDATE,"The same five exact-name candidate codes are returned for all three GeoNames IDs despite distinct coordinates. Must disambiguate by source-verified entity identity; code/name alone is insufficient.",false
1865064,Asahi-mura,37.21667,138.38333,15584,"Niigata Prefecture; Iwafune-gun; Asahi-mura",15580,Iwafune-gun,HOLD_AMBIGUOUS_NAMESAKE_CANDIDATE,"The same five exact-name candidate codes are returned for all three GeoNames IDs despite distinct coordinates. Must disambiguate by source-verified entity identity; code/name alone is insufficient.",false
1865064,Asahi-mura,37.21667,138.38333,20451,"Nagano Prefecture; Higashichikuma-gun; Asahi-mura",20440,Higashichikuma-gun,HOLD_AMBIGUOUS_NAMESAKE_CANDIDATE,"The same five exact-name candidate codes are returned for all three GeoNames IDs despite distinct coordinates. Must disambiguate by source-verified entity identity; code/name alone is insufficient.",false
1865064,Asahi-mura,37.21667,138.38333,21607,"Gifu Prefecture; Ono-gun; Asahi-mura",21600,Ono-gun,HOLD_AMBIGUOUS_NAMESAKE_CANDIDATE,"The same five exact-name candidate codes are returned for all three GeoNames IDs despite distinct coordinates. Must disambiguate by source-verified entity identity; code/name alone is insufficient.",false
1865066,Asahi-mura,35.96667,139.88333,06427,"Yamagata Prefecture; Higashitagawa-gun; Asahi-mura",06420,Higashitagawa-gun,HOLD_AMBIGUOUS_NAMESAKE_CANDIDATE,"The same five exact-name candidate codes are returned for all three GeoNames IDs despite distinct coordinates. Must disambiguate by source-verified entity identity; code/name alone is insufficient.",false
1865066,Asahi-mura,35.96667,139.88333,08401,"Ibaraki Prefecture; Kashima-gun; Asahi-mura",08400,Kashima-gun,HOLD_AMBIGUOUS_NAMESAKE_CANDIDATE,"The same five exact-name candidate codes are returned for all three GeoNames IDs despite distinct coordinates. Must disambiguate by source-verified entity identity; code/name alone is insufficient.",false
1865066,Asahi-mura,35.96667,139.88333,15584,"Niigata Prefecture; Iwafune-gun; Asahi-mura",15580,Iwafune-gun,HOLD_AMBIGUOUS_NAMESAKE_CANDIDATE,"The same five exact-name candidate codes are returned for all three GeoNames IDs despite distinct coordinates. Must disambiguate by source-verified entity identity; code/name alone is insufficient.",false
1865066,Asahi-mura,35.96667,139.88333,20451,"Nagano Prefecture; Higashichikuma-gun; Asahi-mura",20440,Higashichikuma-gun,HOLD_AMBIGUOUS_NAMESAKE_CANDIDATE,"The same five exact-name candidate codes are returned for all three GeoNames IDs despite distinct coordinates. Must disambiguate by source-verified entity identity; code/name alone is insufficient.",false
1865066,Asahi-mura,35.96667,139.88333,21607,"Gifu Prefecture; Ono-gun; Asahi-mura",21600,Ono-gun,HOLD_AMBIGUOUS_NAMESAKE_CANDIDATE,"The same five exact-name candidate codes are returned for all three GeoNames IDs despite distinct coordinates. Must disambiguate by source-verified entity identity; code/name alone is insufficient.",false
1865067,Asahi-mura,35.96667,138,06427,"Yamagata Prefecture; Higashitagawa-gun; Asahi-mura",06420,Higashitagawa-gun,HOLD_AMBIGUOUS_NAMESAKE_CANDIDATE,"The same five exact-name candidate codes are returned for all three GeoNames IDs despite distinct coordinates. Must disambiguate by source-verified entity identity; code/name alone is insufficient.",false
1865067,Asahi-mura,35.96667,138,08401,"Ibaraki Prefecture; Kashima-gun; Asahi-mura",08400,Kashima-gun,HOLD_AMBIGUOUS_NAMESAKE_CANDIDATE,"The same five exact-name candidate codes are returned for all three GeoNames IDs despite distinct coordinates. Must disambiguate by source-verified entity identity; code/name alone is insufficient.",false
1865067,Asahi-mura,35.96667,138,15584,"Niigata Prefecture; Iwafune-gun; Asahi-mura",15580,Iwafune-gun,HOLD_AMBIGUOUS_NAMESAKE_CANDIDATE,"The same five exact-name candidate codes are returned for all three GeoNames IDs despite distinct coordinates. Must disambiguate by source-verified entity identity; code/name alone is insufficient.",false
1865067,Asahi-mura,35.96667,138,20451,"Nagano Prefecture; Higashichikuma-gun; Asahi-mura",20440,Higashichikuma-gun,HOLD_AMBIGUOUS_NAMESAKE_CANDIDATE,"The same five exact-name candidate codes are returned for all three GeoNames IDs despite distinct coordinates. Must disambiguate by source-verified entity identity; code/name alone is insufficient.",false
1865067,Asahi-mura,35.96667,138,21607,"Gifu Prefecture; Ono-gun; Asahi-mura",21600,Ono-gun,HOLD_AMBIGUOUS_NAMESAKE_CANDIDATE,"The same five exact-name candidate codes are returned for all three GeoNames IDs despite distinct coordinates. Must disambiguate by source-verified entity identity; code/name alone is insufficient.",false
